{
  "experiments": {
    "Baseline": {
      "enable_fsgs_proximity": false,
      "enable_kplanes": false,
      "ply_path": "",
      "iterations": 30000
    },
    "SPAGS": {
      "enable_fsgs_proximity": true,
      "enable_kplanes": true,
      "ply_path": "data/369-sps-3k/init_foot_50_3views.npy",
      "iterations": 30000
    }
  },
  "final_results": {
    "Baseline": {
      "iteration": 10000,
      "psnr_3d": 22.843944549560547,
      "ssim_3d": 0.7178772687911987,
      "ssim_3d_x": 0.7236149311065674,
      "ssim_3d_y": 0.7162536978721619,
      "ssim_3d_z": 0.7137631773948669,
      "2d_test_psnr_2d": 28.470556259155273,
      "2d_test_ssim_2d": 0.8979443311691284,
      "2d_test_psnr_2d_projs": [
        31.925662994384766,
        30.428607940673828,
        29.24677276611328,
        28.78179168701172,
        24.596736907958984,
        25.035118103027344,
        27.958431243896484,
        28.247451782226562,
        28.772491455078125,
        28.826129913330078,
        27.021577835083008,
        25.782041549682617,
        25.44773292541504,
        25.211788177490234,
        25.00669288635254,
        24.93028450012207,
        24.9887752532959,
        26.40868377685547,
        27.131797790527344,
        27.57052230834961,
        28.778484344482422,
        32.12110900878906,
        34.673622131347656,
        45.82759475708008,
        30.664764404296875,
        30.066619873046875,
        29.917715072631836,
        29.03707504272461,
        28.632186889648438,
        27.275850296020508,
        26.464670181274414,
        26.636199951171875,
        25.17104721069336,
        25.06950569152832,
        25.18396759033203,
        25.366418838500977,
        24.80821418762207,
        23.599571228027344,
        23.445552825927734,
        23.85919761657715,
        25.048145294189453,
        25.20972442626953,
        22.78432846069336,
        27.68202781677246,
        27.717376708984375,
        30.749242782592773,
        34.39650344848633,
        36.21497344970703,
        43.08456802368164,
        40.7225227355957
      ],
      "2d_test_ssim_2d_projs": [
        0.9443469047546387,
        0.936305820941925,
        0.9044403433799744,
        0.8997400403022766,
        0.8893922567367554,
        0.8912904858589172,
        0.8899465799331665,
        0.8893915414810181,
        0.884492039680481,
        0.8852678537368774,
        0.8782453536987305,
        0.874253511428833,
        0.8734423518180847,
        0.8713279962539673,
        0.8684172630310059,
        0.8680689930915833,
        0.8695741891860962,
        0.8817864060401917,
        0.8875643014907837,
        0.8904294371604919,
        0.8991389870643616,
        0.9250005483627319,
        0.9510424137115479,
        0.9889823198318481,
        0.9237411022186279,
        0.9213795065879822,
        0.9186229109764099,
        0.9118512868881226,
        0.9082812070846558,
        0.9000296592712402,
        0.8899531960487366,
        0.8882140517234802,
        0.8762427568435669,
        0.8756507635116577,
        0.870684027671814,
        0.8669220805168152,
        0.8563196063041687,
        0.8381412625312805,
        0.8381577730178833,
        0.8384261727333069,
        0.8473796844482422,
        0.8561921715736389,
        0.857620358467102,
        0.9180407524108887,
        0.9183955192565918,
        0.9446355104446411,
        0.9615153670310974,
        0.9679082036018372,
        0.9833500385284424,
        0.9776747822761536
      ],
      "2d_train_psnr_2d": 51.33040237426758,
      "2d_train_ssim_2d": 0.9962835311889648,
      "2d_train_psnr_2d_projs": [
        50.96915817260742,
        51.586402893066406,
        51.43565368652344
      ],
      "2d_train_ssim_2d_projs": [
        0.9958739876747131,
        0.9964910745620728,
        0.9964854717254639
      ]
    },
    "SPAGS": {
      "iteration": 30000,
      "psnr_3d": 22.947845458984375,
      "ssim_3d": 0.723217229048411,
      "ssim_3d_x": 0.7295050024986267,
      "ssim_3d_y": 0.7209087014198303,
      "ssim_3d_z": 0.7192379832267761,
      "2d_test_psnr_2d": 29.183595657348633,
      "2d_test_ssim_2d": 0.9033755660057068,
      "2d_test_psnr_2d_projs": [
        35.94071960449219,
        35.31171417236328,
        30.667526245117188,
        29.90934181213379,
        26.63892936706543,
        25.975749969482422,
        28.800498962402344,
        29.080522537231445,
        27.76584243774414,
        28.325786590576172,
        28.058391571044922,
        27.51618194580078,
        27.31928825378418,
        27.0974178314209,
        26.762863159179688,
        26.707481384277344,
        26.6977481842041,
        26.956470489501953,
        27.479076385498047,
        27.736045837402344,
        28.135183334350586,
        30.4451961517334,
        35.64693069458008,
        43.135841369628906,
        29.681045532226562,
        28.7169189453125,
        26.590749740600586,
        26.86542320251465,
        27.13976287841797,
        26.010940551757812,
        25.85359764099121,
        26.02703857421875,
        25.66020965576172,
        25.657594680786133,
        26.15243148803711,
        25.93714714050293,
        25.168153762817383,
        25.079030990600586,
        25.033376693725586,
        24.99134063720703,
        24.560184478759766,
        23.997756958007812,
        21.888870239257812,
        31.734712600708008,
        31.744155883789062,
        35.6438102722168,
        38.00494384765625,
        38.75994873046875,
        42.55668258666992,
        41.61325454711914
      ],
      "2d_test_ssim_2d_projs": [
        0.9543013572692871,
        0.9490658044815063,
        0.915915846824646,
        0.9121476411819458,
        0.9046815037727356,
        0.9045491218566895,
        0.9047275185585022,
        0.9039829969406128,
        0.9007871150970459,
        0.9018734693527222,
        0.894347071647644,
        0.886676549911499,
        0.8856422901153564,
        0.8839559555053711,
        0.8796167969703674,
        0.8790909051895142,
        0.8796236515045166,
        0.8858145475387573,
        0.8890632390975952,
        0.8901088237762451,
        0.8947576284408569,
        0.9226376414299011,
        0.9499078989028931,
        0.9847240447998047,
        0.9163745641708374,
        0.9120424389839172,
        0.9070148468017578,
        0.9014368653297424,
        0.8997967839241028,
        0.894288957118988,
        0.8886013031005859,
        0.8865731358528137,
        0.8813663125038147,
        0.8811880350112915,
        0.8771923184394836,
        0.872559666633606,
        0.8590131998062134,
        0.8501906394958496,
        0.8507912158966064,
        0.8503312468528748,
        0.8538755178451538,
        0.8581496477127075,
        0.860898494720459,
        0.9305480718612671,
        0.9308586120605469,
        0.9529887437820435,
        0.9659814834594727,
        0.9702109098434448,
        0.9810642004013062,
        0.9774409532546997
      ],
      "2d_train_psnr_2d": 45.22151565551758,
      "2d_train_ssim_2d": 0.9887197613716125,
      "2d_train_psnr_2d_projs": [
        46.27149200439453,
        42.343231201171875,
        47.049827575683594
      ],
      "2d_train_ssim_2d_projs": [
        0.9886946082115173,
        0.9877667427062988,
        0.989698052406311
      ]
    }
  },
  "diagnosis": [
    {
      "level": "OK",
      "experiment": "SPAGS",
      "issue": "SPAGS PSNR 优于 Baseline",
      "detail": "PSNR = 22.9478, Baseline = 22.8439, 提升 = +0.1039 dB",
      "suggestion": "继续优化以获得更大提升"
    }
  ]
}