{
  "name": "Baseline",
  "spatial_statistics": {
    "count": 50000,
    "bbox_min": [
      -1.0,
      -1.0,
      -1.0
    ],
    "bbox_max": [
      0.9921875,
      0.9921875,
      0.9921875
    ],
    "bbox_size": [
      1.9921875,
      1.9921875,
      1.9921875
    ],
    "center": [
      -0.0063278125,
      -0.06519640625,
      -0.1407165625
    ],
    "std_xyz": [
      0.5427000506904661,
      0.5325578099568778,
      0.5120891206569583
    ],
    "nn_distance_mean": 0.027337647121111707,
    "nn_distance_std": 0.010512001283072734,
    "nn_distance_min": 0.0078125,
    "nn_distance_max": 0.06346905003621844
  },
  "density_statistics": {
    "count": 50000,
    "mean": 0.062448683323999866,
    "std": 0.05886622222474749,
    "min": 0.007502938155084848,
    "max": 0.7352657318115234,
    "median": 0.0436583049595356,
    "percentile_25": 0.021846267394721508,
    "percentile_75": 0.08297878503799438,
    "percentile_90": 0.1361786291003227,
    "percentile_99": 0.2833119755983354,
    "zero_ratio": 0.0
  },
  "uniformity": {
    "n_bins": 10,
    "total_voxels": 1000,
    "non_empty_voxels": 928,
    "occupancy_ratio": 0.928,
    "expected_per_voxel": 50.0,
    "actual_mean": 53.87931034482759,
    "actual_std": 25.395672375159606,
    "cv": 0.4713436792829623
  },
  "diagnosis": [
    {
      "level": "OK",
      "issue": "初始化点云状态正常",
      "detail": "各项指标在合理范围内",
      "suggestion": "无需调整"
    }
  ]
}