{
  "name": "SPS",
  "spatial_statistics": {
    "count": 50000,
    "bbox_min": [
      -1.0,
      -1.0,
      -1.0
    ],
    "bbox_max": [
      0.9921875,
      0.9921875,
      0.984375
    ],
    "bbox_size": [
      1.9921875,
      1.9921875,
      1.984375
    ],
    "center": [
      0.00531921875,
      -0.06079875,
      -0.2901409375
    ],
    "std_xyz": [
      0.5046958814162463,
      0.5080271241512988,
      0.4706046528842562
    ],
    "nn_distance_mean": 0.023850983187160377,
    "nn_distance_std": 0.01257216417102851,
    "nn_distance_min": 0.0078125,
    "nn_distance_max": 0.0703125
  },
  "density_statistics": {
    "count": 50000,
    "mean": 0.11756051380385645,
    "std": 0.08754236496418036,
    "min": 0.007508584763854742,
    "max": 0.905131995677948,
    "median": 0.09656894952058792,
    "percentile_25": 0.05419446434825659,
    "percentile_75": 0.157705407589674,
    "percentile_90": 0.23203799873590467,
    "percentile_99": 0.4155523556470875,
    "zero_ratio": 0.0
  },
  "uniformity": {
    "n_bins": 10,
    "total_voxels": 1000,
    "non_empty_voxels": 911,
    "occupancy_ratio": 0.911,
    "expected_per_voxel": 50.0,
    "actual_mean": 54.88474204171241,
    "actual_std": 42.41415295543306,
    "cv": 0.7727858668479903
  },
  "diagnosis": [
    {
      "level": "OK",
      "issue": "初始化点云状态正常",
      "detail": "各项指标在合理范围内",
      "suggestion": "无需调整"
    }
  ]
}