{
  "name": "Baseline",
  "spatial_statistics": {
    "count": 50000,
    "bbox_min": [
      -1.0,
      -1.0,
      -1.0
    ],
    "bbox_max": [
      0.984375,
      0.984375,
      0.984375
    ],
    "bbox_size": [
      1.984375,
      1.984375,
      1.984375
    ],
    "center": [
      0.0521996875,
      -0.0201571875,
      -0.02954875
    ],
    "std_xyz": [
      0.5527192917534696,
      0.5895786956615927,
      0.5898007362514992
    ],
    "nn_distance_mean": 0.02933048756651608,
    "nn_distance_std": 0.010704018625518447,
    "nn_distance_min": 0.015625,
    "nn_distance_max": 0.06987712429686843
  },
  "density_statistics": {
    "count": 50000,
    "mean": 0.093915540631013,
    "std": 0.10082970963764201,
    "min": 0.007501209620386362,
    "max": 1.2817801237106323,
    "median": 0.0717306025326252,
    "percentile_25": 0.040344174951314926,
    "percentile_75": 0.11523901298642159,
    "percentile_90": 0.17541425675153732,
    "percentile_99": 0.5443621921539331,
    "zero_ratio": 0.0
  },
  "uniformity": {
    "n_bins": 10,
    "total_voxels": 1000,
    "non_empty_voxels": 997,
    "occupancy_ratio": 0.997,
    "expected_per_voxel": 50.0,
    "actual_mean": 50.150451354062184,
    "actual_std": 21.490205188737797,
    "cv": 0.4285146914634317
  },
  "diagnosis": [
    {
      "level": "OK",
      "issue": "初始化点云状态正常",
      "detail": "各项指标在合理范围内",
      "suggestion": "无需调整"
    }
  ]
}