{
  "name": "SPS",
  "spatial_statistics": {
    "count": 50000,
    "bbox_min": [
      -1.0,
      -1.0,
      -1.0
    ],
    "bbox_max": [
      0.984375,
      0.984375,
      0.984375
    ],
    "bbox_size": [
      1.984375,
      1.984375,
      1.984375
    ],
    "center": [
      0.1142096875,
      0.113534375,
      -0.0255021875
    ],
    "std_xyz": [
      0.5572207819349775,
      0.6613705764874556,
      0.5577543078497039
    ],
    "nn_distance_mean": 0.02761950977838952,
    "nn_distance_std": 0.0117074772411244,
    "nn_distance_min": 0.015625,
    "nn_distance_max": 0.11692679333668567
  },
  "density_statistics": {
    "count": 50000,
    "mean": 0.19523259719020686,
    "std": 0.2199133874974585,
    "min": 0.007532871328294277,
    "max": 1.321030855178833,
    "median": 0.12298943474888802,
    "percentile_25": 0.0771573930978775,
    "percentile_75": 0.20332029089331627,
    "percentile_90": 0.38028950095176695,
    "percentile_99": 1.0260675382614135,
    "zero_ratio": 0.0
  },
  "uniformity": {
    "n_bins": 10,
    "total_voxels": 1000,
    "non_empty_voxels": 987,
    "occupancy_ratio": 0.987,
    "expected_per_voxel": 50.0,
    "actual_mean": 50.65856129685917,
    "actual_std": 39.46506458055732,
    "cv": 0.7790403748202015
  },
  "diagnosis": [
    {
      "level": "OK",
      "issue": "初始化点云状态正常",
      "detail": "各项指标在合理范围内",
      "suggestion": "无需调整"
    }
  ]
}